Class,Subject,Chapter,Title,Resource Types,DIKSHA,YouTube,NCERT,GeoGebra,PhET
5,EVS,1,n.indd 1 10-Jul-25 6:07:45 PM,video; image; document/reading; quiz; worksheet; audio/read-aloud; experiment/demonstration; diagram/process-animation; simulation,https://diksha.gov.in/search?query=NCERT+Class+5+EVS+n.indd+1+10-Jul-25+6%3A07%3A45+PM,https://www.youtube.com/results?search_query=Class+5+EVS+n.indd+1+10-Jul-25+6%3A07%3A45+PM+explanation,https://ncert.nic.in/textbook.php,,https://phet.colorado.edu/en/simulations/filter?subjects=n.indd+1+10-Jul-25+6%3A07%3A45+PM
5,EVS,10,Earth — Our Shared Home,video; image; document/reading; quiz; worksheet; audio/read-aloud; experiment/demonstration; diagram/process-animation; simulation; map/atlas,https://diksha.gov.in/search?query=NCERT+Class+5+EVS+Earth+%E2%80%94+Our+Shared+Home,https://www.youtube.com/results?search_query=Class+5+EVS+Earth+%E2%80%94+Our+Shared+Home+explanation,https://ncert.nic.in/textbook.php,,https://phet.colorado.edu/en/simulations/filter?subjects=Earth+%E2%80%94+Our+Shared+Home
5,EVS,2,Journey of a River,video; image; document/reading; quiz; worksheet; audio/read-aloud; experiment/demonstration; diagram/process-animation; simulation; map/atlas,https://diksha.gov.in/search?query=NCERT+Class+5+EVS+Journey+of+a+River,https://www.youtube.com/results?search_query=Class+5+EVS+Journey+of+a+River+explanation,https://ncert.nic.in/textbook.php,,https://phet.colorado.edu/en/simulations/filter?subjects=Journey+of+a+River
5,EVS,3,‘ The Mystery of Food’ and Chapter 4,video; image; document/reading; quiz; worksheet; audio/read-aloud; experiment/demonstration; diagram/process-animation; simulation,https://diksha.gov.in/search?query=NCERT+Class+5+EVS+%E2%80%98+The+Mystery+of+Food%E2%80%99+and+Chapter+4,https://www.youtube.com/results?search_query=Class+5+EVS+%E2%80%98+The+Mystery+of+Food%E2%80%99+and+Chapter+4+explanation,https://ncert.nic.in/textbook.php,,https://phet.colorado.edu/en/simulations/filter?subjects=%E2%80%98+The+Mystery+of+Food%E2%80%99+and+Chapter+4
5,EVS,4,Our School — A Happy Place,video; image; document/reading; quiz; worksheet; audio/read-aloud; experiment/demonstration; diagram/process-animation; simulation,https://diksha.gov.in/search?query=NCERT+Class+5+EVS+Our+School+%E2%80%94+A+Happy+Place,https://www.youtube.com/results?search_query=Class+5+EVS+Our+School+%E2%80%94+A+Happy+Place+explanation,https://ncert.nic.in/textbook.php,,https://phet.colorado.edu/en/simulations/filter?subjects=Our+School+%E2%80%94+A+Happy+Place
5,EVS,5,Our Vibrant Country,video; image; document/reading; quiz; worksheet; audio/read-aloud; experiment/demonstration; diagram/process-animation; simulation,https://diksha.gov.in/search?query=NCERT+Class+5+EVS+Our+Vibrant+Country,https://www.youtube.com/results?search_query=Class+5+EVS+Our+Vibrant+Country+explanation,https://ncert.nic.in/textbook.php,,https://phet.colorado.edu/en/simulations/filter?subjects=Our+Vibrant+Country
5,EVS,6,Some Unique Places,video; image; document/reading; quiz; worksheet; audio/read-aloud; experiment/demonstration; diagram/process-animation; simulation,https://diksha.gov.in/search?query=NCERT+Class+5+EVS+Some+Unique+Places,https://www.youtube.com/results?search_query=Class+5+EVS+Some+Unique+Places+explanation,https://ncert.nic.in/textbook.php,,https://phet.colorado.edu/en/simulations/filter?subjects=Some+Unique+Places
5,EVS,7,Energy — How Things Work,video; image; document/reading; quiz; worksheet; audio/read-aloud; experiment/demonstration; diagram/process-animation; simulation,https://diksha.gov.in/search?query=NCERT+Class+5+EVS+Energy+%E2%80%94+How+Things+Work,https://www.youtube.com/results?search_query=Class+5+EVS+Energy+%E2%80%94+How+Things+Work+explanation,https://ncert.nic.in/textbook.php,,https://phet.colorado.edu/en/simulations/filter?subjects=Energy+%E2%80%94+How+Things+Work
5,EVS,8,Clothes — How Things are Made,video; image; document/reading; quiz; worksheet; audio/read-aloud; experiment/demonstration; diagram/process-animation; simulation,https://diksha.gov.in/search?query=NCERT+Class+5+EVS+Clothes+%E2%80%94+How+Things+are+Made,https://www.youtube.com/results?search_query=Class+5+EVS+Clothes+%E2%80%94+How+Things+are+Made+explanation,https://ncert.nic.in/textbook.php,,https://phet.colorado.edu/en/simulations/filter?subjects=Clothes+%E2%80%94+How+Things+are+Made
5,EVS,9,Rhythms of Nature,video; image; document/reading; quiz; worksheet; audio/read-aloud; experiment/demonstration; diagram/process-animation; simulation,https://diksha.gov.in/search?query=NCERT+Class+5+EVS+Rhythms+of+Nature,https://www.youtube.com/results?search_query=Class+5+EVS+Rhythms+of+Nature+explanation,https://ncert.nic.in/textbook.php,,https://phet.colorado.edu/en/simulations/filter?subjects=Rhythms+of+Nature
5,English,1,Papa’s Spectacles,video; image; document/reading; quiz; worksheet; audio/read-aloud; vocabulary-visual; pronunciation/audio,https://diksha.gov.in/search?query=NCERT+Class+5+English+Papa%E2%80%99s+Spectacles,https://www.youtube.com/results?search_query=Class+5+English+Papa%E2%80%99s+Spectacles+explanation,https://ncert.nic.in/textbook.php,,
5,English,10,Glass Bangles,video; image; document/reading; quiz; worksheet; audio/read-aloud; vocabulary-visual; pronunciation/audio,https://diksha.gov.in/search?query=NCERT+Class+5+English+Glass+Bangles,https://www.youtube.com/results?search_query=Class+5+English+Glass+Bangles+explanation,https://ncert.nic.in/textbook.php,,
5,English,2,Gone with the Scooter,video; image; document/reading; quiz; worksheet; audio/read-aloud; vocabulary-visual; pronunciation/audio,https://diksha.gov.in/search?query=NCERT+Class+5+English+Gone+with+the+Scooter,https://www.youtube.com/results?search_query=Class+5+English+Gone+with+the+Scooter+explanation,https://ncert.nic.in/textbook.php,,
5,English,3,The Rainbow,video; image; document/reading; quiz; worksheet; audio/read-aloud; vocabulary-visual; pronunciation/audio,https://diksha.gov.in/search?query=NCERT+Class+5+English+The+Rainbow,https://www.youtube.com/results?search_query=Class+5+English+The+Rainbow+explanation,https://ncert.nic.in/textbook.php,,
5,English,4,The Wise Parrot,video; image; document/reading; quiz; worksheet; audio/read-aloud; vocabulary-visual; pronunciation/audio,https://diksha.gov.in/search?query=NCERT+Class+5+English+The+Wise+Parrot,https://www.youtube.com/results?search_query=Class+5+English+The+Wise+Parrot+explanation,https://ncert.nic.in/textbook.php,,
5,English,5,The Frog,video; image; document/reading; quiz; worksheet; audio/read-aloud; vocabulary-visual; pronunciation/audio,https://diksha.gov.in/search?query=NCERT+Class+5+English+The+Frog,https://www.youtube.com/results?search_query=Class+5+English+The+Frog+explanation,https://ncert.nic.in/textbook.php,,
5,English,6,What a Tank!,video; image; document/reading; quiz; worksheet; audio/read-aloud; vocabulary-visual; pronunciation/audio,https://diksha.gov.in/search?query=NCERT+Class+5+English+What+a+Tank%21,https://www.youtube.com/results?search_query=Class+5+English+What+a+Tank%21+explanation,https://ncert.nic.in/textbook.php,,
5,English,7,Gilli Danda,video; image; document/reading; quiz; worksheet; audio/read-aloud; vocabulary-visual; pronunciation/audio,https://diksha.gov.in/search?query=NCERT+Class+5+English+Gilli+Danda,https://www.youtube.com/results?search_query=Class+5+English+Gilli+Danda+explanation,https://ncert.nic.in/textbook.php,,
5,English,8,The Decision of the,video; image; document/reading; quiz; worksheet; audio/read-aloud; vocabulary-visual; pronunciation/audio,https://diksha.gov.in/search?query=NCERT+Class+5+English+The+Decision+of+the,https://www.youtube.com/results?search_query=Class+5+English+The+Decision+of+the+explanation,https://ncert.nic.in/textbook.php,,
5,English,9,Vocation,video; image; document/reading; quiz; worksheet; audio/read-aloud; vocabulary-visual; pronunciation/audio,https://diksha.gov.in/search?query=NCERT+Class+5+English+Vocation,https://www.youtube.com/results?search_query=Class+5+English+Vocation+explanation,https://ncert.nic.in/textbook.php,,
5,Hindi,1,किरन,video; image; document/reading; quiz; worksheet; audio/read-aloud; vocabulary-visual; pronunciation/audio,https://diksha.gov.in/search?query=NCERT+Class+5+Hindi+%E0%A4%95%E0%A4%BF%E0%A4%B0%E0%A4%A8,https://www.youtube.com/results?search_query=Class+5+Hindi+%E0%A4%95%E0%A4%BF%E0%A4%B0%E0%A4%A8+explanation,https://ncert.nic.in/textbook.php,,
5,Hindi,10,तीन मछलियाँ,video; image; document/reading; quiz; worksheet; audio/read-aloud; vocabulary-visual; pronunciation/audio,https://diksha.gov.in/search?query=NCERT+Class+5+Hindi+%E0%A4%A4%E0%A5%80%E0%A4%A8+%E0%A4%AE%E0%A4%9B%E0%A4%B2%E0%A4%BF%E0%A4%AF%E0%A4%BE%E0%A4%81,https://www.youtube.com/results?search_query=Class+5+Hindi+%E0%A4%A4%E0%A5%80%E0%A4%A8+%E0%A4%AE%E0%A4%9B%E0%A4%B2%E0%A4%BF%E0%A4%AF%E0%A4%BE%E0%A4%81+explanation,https://ncert.nic.in/textbook.php,,
5,Hindi,11,हमारे ये कलामंदिर,video; image; document/reading; quiz; worksheet; audio/read-aloud; vocabulary-visual; pronunciation/audio,https://diksha.gov.in/search?query=NCERT+Class+5+Hindi+%E0%A4%B9%E0%A4%AE%E0%A4%BE%E0%A4%B0%E0%A5%87+%E0%A4%AF%E0%A5%87+%E0%A4%95%E0%A4%B2%E0%A4%BE%E0%A4%AE%E0%A4%82%E0%A4%A6%E0%A4%BF%E0%A4%B0,https://www.youtube.com/results?search_query=Class+5+Hindi+%E0%A4%B9%E0%A4%AE%E0%A4%BE%E0%A4%B0%E0%A5%87+%E0%A4%AF%E0%A5%87+%E0%A4%95%E0%A4%B2%E0%A4%BE%E0%A4%AE%E0%A4%82%E0%A4%A6%E0%A4%BF%E0%A4%B0+explanation,https://ncert.nic.in/textbook.php,,
5,Hindi,12,गंगा की कहानी,video; image; document/reading; quiz; worksheet; audio/read-aloud; vocabulary-visual; pronunciation/audio,https://diksha.gov.in/search?query=NCERT+Class+5+Hindi+%E0%A4%97%E0%A4%82%E0%A4%97%E0%A4%BE+%E0%A4%95%E0%A5%80+%E0%A4%95%E0%A4%B9%E0%A4%BE%E0%A4%A8%E0%A5%80,https://www.youtube.com/results?search_query=Class+5+Hindi+%E0%A4%97%E0%A4%82%E0%A4%97%E0%A4%BE+%E0%A4%95%E0%A5%80+%E0%A4%95%E0%A4%B9%E0%A4%BE%E0%A4%A8%E0%A5%80+explanation,https://ncert.nic.in/textbook.php,,
5,Hindi,2,न्याय की कुसी,video; image; document/reading; quiz; worksheet; audio/read-aloud; vocabulary-visual; pronunciation/audio,https://diksha.gov.in/search?query=NCERT+Class+5+Hindi+%E0%A4%A8%E0%A5%8D%E0%A4%AF%E0%A4%BE%E0%A4%AF+%E0%A4%95%E0%A5%80+%E0%A4%95%E0%A5%81%E0%A4%B8%E0%A5%80,https://www.youtube.com/results?search_query=Class+5+Hindi+%E0%A4%A8%E0%A5%8D%E0%A4%AF%E0%A4%BE%E0%A4%AF+%E0%A4%95%E0%A5%80+%E0%A4%95%E0%A5%81%E0%A4%B8%E0%A5%80+explanation,https://ncert.nic.in/textbook.php,,
5,Hindi,3,चाँद का कुरता,video; image; document/reading; quiz; worksheet; audio/read-aloud; vocabulary-visual; pronunciation/audio,https://diksha.gov.in/search?query=NCERT+Class+5+Hindi+%E0%A4%9A%E0%A4%BE%E0%A4%81%E0%A4%A6+%E0%A4%95%E0%A4%BE+%E0%A4%95%E0%A5%81%E0%A4%B0%E0%A4%A4%E0%A4%BE,https://www.youtube.com/results?search_query=Class+5+Hindi+%E0%A4%9A%E0%A4%BE%E0%A4%81%E0%A4%A6+%E0%A4%95%E0%A4%BE+%E0%A4%95%E0%A5%81%E0%A4%B0%E0%A4%A4%E0%A4%BE+explanation,https://ncert.nic.in/textbook.php,,
5,Hindi,4,साङकेन,video; image; document/reading; quiz; worksheet; audio/read-aloud; vocabulary-visual; pronunciation/audio,https://diksha.gov.in/search?query=NCERT+Class+5+Hindi+%E0%A4%B8%E0%A4%BE%E0%A4%99%E0%A4%95%E0%A5%87%E0%A4%A8,https://www.youtube.com/results?search_query=Class+5+Hindi+%E0%A4%B8%E0%A4%BE%E0%A4%99%E0%A4%95%E0%A5%87%E0%A4%A8+explanation,https://ncert.nic.in/textbook.php,,
5,Hindi,5,सुंदरिया,video; image; document/reading; quiz; worksheet; audio/read-aloud; vocabulary-visual; pronunciation/audio,https://diksha.gov.in/search?query=NCERT+Class+5+Hindi+%E0%A4%B8%E0%A5%81%E0%A4%82%E0%A4%A6%E0%A4%B0%E0%A4%BF%E0%A4%AF%E0%A4%BE,https://www.youtube.com/results?search_query=Class+5+Hindi+%E0%A4%B8%E0%A5%81%E0%A4%82%E0%A4%A6%E0%A4%B0%E0%A4%BF%E0%A4%AF%E0%A4%BE+explanation,https://ncert.nic.in/textbook.php,,
5,Hindi,6,चतुर चित्रकार,video; image; document/reading; quiz; worksheet; audio/read-aloud; vocabulary-visual; pronunciation/audio,https://diksha.gov.in/search?query=NCERT+Class+5+Hindi+%E0%A4%9A%E0%A4%A4%E0%A5%81%E0%A4%B0+%E0%A4%9A%E0%A4%BF%E0%A4%A4%E0%A5%8D%E0%A4%B0%E0%A4%95%E0%A4%BE%E0%A4%B0,https://www.youtube.com/results?search_query=Class+5+Hindi+%E0%A4%9A%E0%A4%A4%E0%A5%81%E0%A4%B0+%E0%A4%9A%E0%A4%BF%E0%A4%A4%E0%A5%8D%E0%A4%B0%E0%A4%95%E0%A4%BE%E0%A4%B0+explanation,https://ncert.nic.in/textbook.php,,
5,Hindi,7,मेरा बचपन,video; image; document/reading; quiz; worksheet; audio/read-aloud; vocabulary-visual; pronunciation/audio,https://diksha.gov.in/search?query=NCERT+Class+5+Hindi+%E0%A4%AE%E0%A5%87%E0%A4%B0%E0%A4%BE+%E0%A4%AC%E0%A4%9A%E0%A4%AA%E0%A4%A8,https://www.youtube.com/results?search_query=Class+5+Hindi+%E0%A4%AE%E0%A5%87%E0%A4%B0%E0%A4%BE+%E0%A4%AC%E0%A4%9A%E0%A4%AA%E0%A4%A8+explanation,https://ncert.nic.in/textbook.php,,
5,Hindi,8,उद्यान की यात्रा,video; image; document/reading; quiz; worksheet; audio/read-aloud; vocabulary-visual; pronunciation/audio,https://diksha.gov.in/search?query=NCERT+Class+5+Hindi+%E0%A4%89%E0%A4%A6%E0%A5%8D%E0%A4%AF%E0%A4%BE%E0%A4%A8+%E0%A4%95%E0%A5%80+%E0%A4%AF%E0%A4%BE%E0%A4%A4%E0%A5%8D%E0%A4%B0%E0%A4%BE,https://www.youtube.com/results?search_query=Class+5+Hindi+%E0%A4%89%E0%A4%A6%E0%A5%8D%E0%A4%AF%E0%A4%BE%E0%A4%A8+%E0%A4%95%E0%A5%80+%E0%A4%AF%E0%A4%BE%E0%A4%A4%E0%A5%8D%E0%A4%B0%E0%A4%BE+explanation,https://ncert.nic.in/textbook.php,,
5,Hindi,9,न्याय,video; image; document/reading; quiz; worksheet; audio/read-aloud; vocabulary-visual; pronunciation/audio,https://diksha.gov.in/search?query=NCERT+Class+5+Hindi+%E0%A4%A8%E0%A5%8D%E0%A4%AF%E0%A4%BE%E0%A4%AF,https://www.youtube.com/results?search_query=Class+5+Hindi+%E0%A4%A8%E0%A5%8D%E0%A4%AF%E0%A4%BE%E0%A4%AF+explanation,https://ncert.nic.in/textbook.php,,
5,Mathematics,1,Travellers — I,video; image; document/reading; quiz; worksheet; audio/read-aloud; interactive-math; worked-example-animation,https://diksha.gov.in/search?query=NCERT+Class+5+Mathematics+Travellers+%E2%80%94+I,https://www.youtube.com/results?search_query=Class+5+Mathematics+Travellers+%E2%80%94+I+explanation,https://ncert.nic.in/textbook.php,https://www.geogebra.org/search/Travellers+%E2%80%94+I,
5,Mathematics,10,Designs,video; image; document/reading; quiz; worksheet; audio/read-aloud; interactive-math; worked-example-animation,https://diksha.gov.in/search?query=NCERT+Class+5+Mathematics+Designs,https://www.youtube.com/results?search_query=Class+5+Mathematics+Designs+explanation,https://ncert.nic.in/textbook.php,https://www.geogebra.org/search/Designs,
5,Mathematics,11,Quilt,video; image; document/reading; quiz; worksheet; audio/read-aloud; interactive-math; worked-example-animation,https://diksha.gov.in/search?query=NCERT+Class+5+Mathematics+Quilt,https://www.youtube.com/results?search_query=Class+5+Mathematics+Quilt+explanation,https://ncert.nic.in/textbook.php,https://www.geogebra.org/search/Quilt,
5,Mathematics,12,Racing Seconds,video; image; document/reading; quiz; worksheet; audio/read-aloud; interactive-math; worked-example-animation,https://diksha.gov.in/search?query=NCERT+Class+5+Mathematics+Racing+Seconds,https://www.youtube.com/results?search_query=Class+5+Mathematics+Racing+Seconds+explanation,https://ncert.nic.in/textbook.php,https://www.geogebra.org/search/Racing+Seconds,
5,Mathematics,13,Animal Jumps,video; image; document/reading; quiz; worksheet; audio/read-aloud; interactive-math; worked-example-animation,https://diksha.gov.in/search?query=NCERT+Class+5+Mathematics+Animal+Jumps,https://www.youtube.com/results?search_query=Class+5+Mathematics+Animal+Jumps+explanation,https://ncert.nic.in/textbook.php,https://www.geogebra.org/search/Animal+Jumps,
5,Mathematics,14,Locations W,video; image; document/reading; quiz; worksheet; audio/read-aloud; interactive-math; worked-example-animation,https://diksha.gov.in/search?query=NCERT+Class+5+Mathematics+Locations+W,https://www.youtube.com/results?search_query=Class+5+Mathematics+Locations+W+explanation,https://ncert.nic.in/textbook.php,https://www.geogebra.org/search/Locations+W,
5,Mathematics,15,Pictures,video; image; document/reading; quiz; worksheet; audio/read-aloud; interactive-math; worked-example-animation,https://diksha.gov.in/search?query=NCERT+Class+5+Mathematics+Pictures,https://www.youtube.com/results?search_query=Class+5+Mathematics+Pictures+explanation,https://ncert.nic.in/textbook.php,https://www.geogebra.org/search/Pictures,
5,Mathematics,2,Fractions,video; image; document/reading; quiz; worksheet; audio/read-aloud; interactive-math; worked-example-animation,https://diksha.gov.in/search?query=NCERT+Class+5+Mathematics+Fractions,https://www.youtube.com/results?search_query=Class+5+Mathematics+Fractions+explanation,https://ncert.nic.in/textbook.php,https://www.geogebra.org/search/Fractions,
5,Mathematics,3,Angles as Turns,video; image; document/reading; quiz; worksheet; audio/read-aloud; interactive-math; worked-example-animation,https://diksha.gov.in/search?query=NCERT+Class+5+Mathematics+Angles+as+Turns,https://www.youtube.com/results?search_query=Class+5+Mathematics+Angles+as+Turns+explanation,https://ncert.nic.in/textbook.php,https://www.geogebra.org/search/Angles+as+Turns,
5,Mathematics,4,Travellers — II,video; image; document/reading; quiz; worksheet; audio/read-aloud; interactive-math; worked-example-animation,https://diksha.gov.in/search?query=NCERT+Class+5+Mathematics+Travellers+%E2%80%94+II,https://www.youtube.com/results?search_query=Class+5+Mathematics+Travellers+%E2%80%94+II+explanation,https://ncert.nic.in/textbook.php,https://www.geogebra.org/search/Travellers+%E2%80%94+II,
5,Mathematics,5,Far and Near,video; image; document/reading; quiz; worksheet; audio/read-aloud; interactive-math; worked-example-animation,https://diksha.gov.in/search?query=NCERT+Class+5+Mathematics+Far+and+Near,https://www.youtube.com/results?search_query=Class+5+Mathematics+Far+and+Near+explanation,https://ncert.nic.in/textbook.php,https://www.geogebra.org/search/Far+and+Near,
5,Mathematics,6,The Dairy Farm,video; image; document/reading; quiz; worksheet; audio/read-aloud; interactive-math; worked-example-animation,https://diksha.gov.in/search?query=NCERT+Class+5+Mathematics+The+Dairy+Farm,https://www.youtube.com/results?search_query=Class+5+Mathematics+The+Dairy+Farm+explanation,https://ncert.nic.in/textbook.php,https://www.geogebra.org/search/The+Dairy+Farm,
5,Mathematics,7,Patterns,video; image; document/reading; quiz; worksheet; audio/read-aloud; interactive-math; worked-example-animation,https://diksha.gov.in/search?query=NCERT+Class+5+Mathematics+Patterns,https://www.youtube.com/results?search_query=Class+5+Mathematics+Patterns+explanation,https://ncert.nic.in/textbook.php,https://www.geogebra.org/search/Patterns,
5,Mathematics,8,Capacity,video; image; document/reading; quiz; worksheet; audio/read-aloud; interactive-math; worked-example-animation,https://diksha.gov.in/search?query=NCERT+Class+5+Mathematics+Capacity,https://www.youtube.com/results?search_query=Class+5+Mathematics+Capacity+explanation,https://ncert.nic.in/textbook.php,https://www.geogebra.org/search/Capacity,
5,Mathematics,9,Coconut Farm,video; image; document/reading; quiz; worksheet; audio/read-aloud; interactive-math; worked-example-animation,https://diksha.gov.in/search?query=NCERT+Class+5+Mathematics+Coconut+Farm,https://www.youtube.com/results?search_query=Class+5+Mathematics+Coconut+Farm+explanation,https://ncert.nic.in/textbook.php,https://www.geogebra.org/search/Coconut+Farm,
6,English,1,A Bottle of Dew,video; image; document/reading; quiz; worksheet; audio/read-aloud; vocabulary-visual; pronunciation/audio,https://diksha.gov.in/search?query=NCERT+Class+6+English+A+Bottle+of+Dew,https://www.youtube.com/results?search_query=Class+6+English+A+Bottle+of+Dew+explanation,https://ncert.nic.in/textbook.php,,
6,English,2,The Unlikely Best Friends,video; image; document/reading; quiz; worksheet; audio/read-aloud; vocabulary-visual; pronunciation/audio,https://diksha.gov.in/search?query=NCERT+Class+6+English+The+Unlikely+Best+Friends,https://www.youtube.com/results?search_query=Class+6+English+The+Unlikely+Best+Friends+explanation,https://ncert.nic.in/textbook.php,,
6,English,3,Neem Baba,video; image; document/reading; quiz; worksheet; audio/read-aloud; vocabulary-visual; pronunciation/audio,https://diksha.gov.in/search?query=NCERT+Class+6+English+Neem+Baba,https://www.youtube.com/results?search_query=Class+6+English+Neem+Baba+explanation,https://ncert.nic.in/textbook.php,,
6,English,4,Change of Heart,video; image; document/reading; quiz; worksheet; audio/read-aloud; vocabulary-visual; pronunciation/audio,https://diksha.gov.in/search?query=NCERT+Class+6+English+Change+of+Heart,https://www.youtube.com/results?search_query=Class+6+English+Change+of+Heart+explanation,https://ncert.nic.in/textbook.php,,
6,English,5,Culture and Tradition,video; image; document/reading; quiz; worksheet; audio/read-aloud; vocabulary-visual; pronunciation/audio,https://diksha.gov.in/search?query=NCERT+Class+6+English+Culture+and+Tradition,https://www.youtube.com/results?search_query=Class+6+English+Culture+and+Tradition+explanation,https://ncert.nic.in/textbook.php,,
6,Hindi,1,मातृभूमि,video; image; document/reading; quiz; worksheet; audio/read-aloud; vocabulary-visual; pronunciation/audio,https://diksha.gov.in/search?query=NCERT+Class+6+Hindi+%E0%A4%AE%E0%A4%BE%E0%A4%A4%E0%A5%83%E0%A4%AD%E0%A5%82%E0%A4%AE%E0%A4%BF,https://www.youtube.com/results?search_query=Class+6+Hindi+%E0%A4%AE%E0%A4%BE%E0%A4%A4%E0%A5%83%E0%A4%AD%E0%A5%82%E0%A4%AE%E0%A4%BF+explanation,https://ncert.nic.in/textbook.php,,
6,Hindi,10,परीक्षा,video; image; document/reading; quiz; worksheet; audio/read-aloud; vocabulary-visual; pronunciation/audio,https://diksha.gov.in/search?query=NCERT+Class+6+Hindi+%E0%A4%AA%E0%A4%B0%E0%A5%80%E0%A4%95%E0%A5%8D%E0%A4%B7%E0%A4%BE,https://www.youtube.com/results?search_query=Class+6+Hindi+%E0%A4%AA%E0%A4%B0%E0%A5%80%E0%A4%95%E0%A5%8D%E0%A4%B7%E0%A4%BE+explanation,https://ncert.nic.in/textbook.php,,
6,Hindi,11,चेतक की वीरता,video; image; document/reading; quiz; worksheet; audio/read-aloud; vocabulary-visual; pronunciation/audio,https://diksha.gov.in/search?query=NCERT+Class+6+Hindi+%E0%A4%9A%E0%A5%87%E0%A4%A4%E0%A4%95+%E0%A4%95%E0%A5%80+%E0%A4%B5%E0%A5%80%E0%A4%B0%E0%A4%A4%E0%A4%BE,https://www.youtube.com/results?search_query=Class+6+Hindi+%E0%A4%9A%E0%A5%87%E0%A4%A4%E0%A4%95+%E0%A4%95%E0%A5%80+%E0%A4%B5%E0%A5%80%E0%A4%B0%E0%A4%A4%E0%A4%BE+explanation,https://ncert.nic.in/textbook.php,,
6,Hindi,12,हिंद महासागर में छोटा-सा हिंदुस्तान,video; image; document/reading; quiz; worksheet; audio/read-aloud; vocabulary-visual; pronunciation/audio,https://diksha.gov.in/search?query=NCERT+Class+6+Hindi+%E0%A4%B9%E0%A4%BF%E0%A4%82%E0%A4%A6+%E0%A4%AE%E0%A4%B9%E0%A4%BE%E0%A4%B8%E0%A4%BE%E0%A4%97%E0%A4%B0+%E0%A4%AE%E0%A5%87%E0%A4%82+%E0%A4%9B%E0%A5%8B%E0%A4%9F%E0%A4%BE-%E0%A4%B8%E0%A4%BE+%E0%A4%B9%E0%A4%BF%E0%A4%82%E0%A4%A6%E0%A5%81%E0%A4%B8%E0%A5%8D%E0%A4%A4%E0%A4%BE%E0%A4%A8,https://www.youtube.com/results?search_query=Class+6+Hindi+%E0%A4%B9%E0%A4%BF%E0%A4%82%E0%A4%A6+%E0%A4%AE%E0%A4%B9%E0%A4%BE%E0%A4%B8%E0%A4%BE%E0%A4%97%E0%A4%B0+%E0%A4%AE%E0%A5%87%E0%A4%82+%E0%A4%9B%E0%A5%8B%E0%A4%9F%E0%A4%BE-%E0%A4%B8%E0%A4%BE+%E0%A4%B9%E0%A4%BF%E0%A4%82%E0%A4%A6%E0%A5%81%E0%A4%B8%E0%A5%8D%E0%A4%A4%E0%A4%BE%E0%A4%A8+explanation,https://ncert.nic.in/textbook.php,,
6,Hindi,13,पेड़ की बात,video; image; document/reading; quiz; worksheet; audio/read-aloud; vocabulary-visual; pronunciation/audio,https://diksha.gov.in/search?query=NCERT+Class+6+Hindi+%E0%A4%AA%E0%A5%87%E0%A4%A1%E0%A4%BC+%E0%A4%95%E0%A5%80+%E0%A4%AC%E0%A4%BE%E0%A4%A4,https://www.youtube.com/results?search_query=Class+6+Hindi+%E0%A4%AA%E0%A5%87%E0%A4%A1%E0%A4%BC+%E0%A4%95%E0%A5%80+%E0%A4%AC%E0%A4%BE%E0%A4%A4+explanation,https://ncert.nic.in/textbook.php,,
6,Hindi,2,गोल,video; image; document/reading; quiz; worksheet; audio/read-aloud; vocabulary-visual; pronunciation/audio,https://diksha.gov.in/search?query=NCERT+Class+6+Hindi+%E0%A4%97%E0%A5%8B%E0%A4%B2,https://www.youtube.com/results?search_query=Class+6+Hindi+%E0%A4%97%E0%A5%8B%E0%A4%B2+explanation,https://ncert.nic.in/textbook.php,,
6,Hindi,3,पहली बूँद,video; image; document/reading; quiz; worksheet; audio/read-aloud; vocabulary-visual; pronunciation/audio,https://diksha.gov.in/search?query=NCERT+Class+6+Hindi+%E0%A4%AA%E0%A4%B9%E0%A4%B2%E0%A5%80+%E0%A4%AC%E0%A5%82%E0%A4%81%E0%A4%A6,https://www.youtube.com/results?search_query=Class+6+Hindi+%E0%A4%AA%E0%A4%B9%E0%A4%B2%E0%A5%80+%E0%A4%AC%E0%A5%82%E0%A4%81%E0%A4%A6+explanation,https://ncert.nic.in/textbook.php,,
6,Hindi,4,हार की जीत,video; image; document/reading; quiz; worksheet; audio/read-aloud; vocabulary-visual; pronunciation/audio,https://diksha.gov.in/search?query=NCERT+Class+6+Hindi+%E0%A4%B9%E0%A4%BE%E0%A4%B0+%E0%A4%95%E0%A5%80+%E0%A4%9C%E0%A5%80%E0%A4%A4,https://www.youtube.com/results?search_query=Class+6+Hindi+%E0%A4%B9%E0%A4%BE%E0%A4%B0+%E0%A4%95%E0%A5%80+%E0%A4%9C%E0%A5%80%E0%A4%A4+explanation,https://ncert.nic.in/textbook.php,,
6,Hindi,5,रहीम के दोहे,video; image; document/reading; quiz; worksheet; audio/read-aloud; vocabulary-visual; pronunciation/audio,https://diksha.gov.in/search?query=NCERT+Class+6+Hindi+%E0%A4%B0%E0%A4%B9%E0%A5%80%E0%A4%AE+%E0%A4%95%E0%A5%87+%E0%A4%A6%E0%A5%8B%E0%A4%B9%E0%A5%87,https://www.youtube.com/results?search_query=Class+6+Hindi+%E0%A4%B0%E0%A4%B9%E0%A5%80%E0%A4%AE+%E0%A4%95%E0%A5%87+%E0%A4%A6%E0%A5%8B%E0%A4%B9%E0%A5%87+explanation,https://ncert.nic.in/textbook.php,,
6,Hindi,6,मेरी माँ,video; image; document/reading; quiz; worksheet; audio/read-aloud; vocabulary-visual; pronunciation/audio,https://diksha.gov.in/search?query=NCERT+Class+6+Hindi+%E0%A4%AE%E0%A5%87%E0%A4%B0%E0%A5%80+%E0%A4%AE%E0%A4%BE%E0%A4%81,https://www.youtube.com/results?search_query=Class+6+Hindi+%E0%A4%AE%E0%A5%87%E0%A4%B0%E0%A5%80+%E0%A4%AE%E0%A4%BE%E0%A4%81+explanation,https://ncert.nic.in/textbook.php,,
6,Hindi,7,जलाते चलो,video; image; document/reading; quiz; worksheet; audio/read-aloud; vocabulary-visual; pronunciation/audio,https://diksha.gov.in/search?query=NCERT+Class+6+Hindi+%E0%A4%9C%E0%A4%B2%E0%A4%BE%E0%A4%A4%E0%A5%87+%E0%A4%9A%E0%A4%B2%E0%A5%8B,https://www.youtube.com/results?search_query=Class+6+Hindi+%E0%A4%9C%E0%A4%B2%E0%A4%BE%E0%A4%A4%E0%A5%87+%E0%A4%9A%E0%A4%B2%E0%A5%8B+explanation,https://ncert.nic.in/textbook.php,,
6,Hindi,8,सत्रिया और बिहू नृत्य,video; image; document/reading; quiz; worksheet; audio/read-aloud; vocabulary-visual; pronunciation/audio,https://diksha.gov.in/search?query=NCERT+Class+6+Hindi+%E0%A4%B8%E0%A4%A4%E0%A5%8D%E0%A4%B0%E0%A4%BF%E0%A4%AF%E0%A4%BE+%E0%A4%94%E0%A4%B0+%E0%A4%AC%E0%A4%BF%E0%A4%B9%E0%A5%82+%E0%A4%A8%E0%A5%83%E0%A4%A4%E0%A5%8D%E0%A4%AF,https://www.youtube.com/results?search_query=Class+6+Hindi+%E0%A4%B8%E0%A4%A4%E0%A5%8D%E0%A4%B0%E0%A4%BF%E0%A4%AF%E0%A4%BE+%E0%A4%94%E0%A4%B0+%E0%A4%AC%E0%A4%BF%E0%A4%B9%E0%A5%82+%E0%A4%A8%E0%A5%83%E0%A4%A4%E0%A5%8D%E0%A4%AF+explanation,https://ncert.nic.in/textbook.php,,
6,Hindi,9,मैया मैं नहिं माखन खायो,video; image; document/reading; quiz; worksheet; audio/read-aloud; vocabulary-visual; pronunciation/audio,https://diksha.gov.in/search?query=NCERT+Class+6+Hindi+%E0%A4%AE%E0%A5%88%E0%A4%AF%E0%A4%BE+%E0%A4%AE%E0%A5%88%E0%A4%82+%E0%A4%A8%E0%A4%B9%E0%A4%BF%E0%A4%82+%E0%A4%AE%E0%A4%BE%E0%A4%96%E0%A4%A8+%E0%A4%96%E0%A4%BE%E0%A4%AF%E0%A5%8B,https://www.youtube.com/results?search_query=Class+6+Hindi+%E0%A4%AE%E0%A5%88%E0%A4%AF%E0%A4%BE+%E0%A4%AE%E0%A5%88%E0%A4%82+%E0%A4%A8%E0%A4%B9%E0%A4%BF%E0%A4%82+%E0%A4%AE%E0%A4%BE%E0%A4%96%E0%A4%A8+%E0%A4%96%E0%A4%BE%E0%A4%AF%E0%A5%8B+explanation,https://ncert.nic.in/textbook.php,,
6,Mathematics,1,Patterns in Mathematics,video; image; document/reading; quiz; worksheet; audio/read-aloud; interactive-math; worked-example-animation,https://diksha.gov.in/search?query=NCERT+Class+6+Mathematics+Patterns+in+Mathematics,https://www.youtube.com/results?search_query=Class+6+Mathematics+Patterns+in+Mathematics+explanation,https://ncert.nic.in/textbook.php,https://www.geogebra.org/search/Patterns+in+Mathematics,
6,Mathematics,10,The Other Side of Zero,video; image; document/reading; quiz; worksheet; audio/read-aloud; interactive-math; worked-example-animation,https://diksha.gov.in/search?query=NCERT+Class+6+Mathematics+The+Other+Side+of+Zero,https://www.youtube.com/results?search_query=Class+6+Mathematics+The+Other+Side+of+Zero+explanation,https://ncert.nic.in/textbook.php,https://www.geogebra.org/search/The+Other+Side+of+Zero,
6,Mathematics,2,Lines and Angles,video; image; document/reading; quiz; worksheet; audio/read-aloud; interactive-math; worked-example-animation,https://diksha.gov.in/search?query=NCERT+Class+6+Mathematics+Lines+and+Angles,https://www.youtube.com/results?search_query=Class+6+Mathematics+Lines+and+Angles+explanation,https://ncert.nic.in/textbook.php,https://www.geogebra.org/search/Lines+and+Angles,
6,Mathematics,3,Number Play,video; image; document/reading; quiz; worksheet; audio/read-aloud; interactive-math; worked-example-animation,https://diksha.gov.in/search?query=NCERT+Class+6+Mathematics+Number+Play,https://www.youtube.com/results?search_query=Class+6+Mathematics+Number+Play+explanation,https://ncert.nic.in/textbook.php,https://www.geogebra.org/search/Number+Play,
6,Mathematics,4,Data Handling and Presentation,video; image; document/reading; quiz; worksheet; audio/read-aloud; interactive-math; worked-example-animation,https://diksha.gov.in/search?query=NCERT+Class+6+Mathematics+Data+Handling+and+Presentation,https://www.youtube.com/results?search_query=Class+6+Mathematics+Data+Handling+and+Presentation+explanation,https://ncert.nic.in/textbook.php,https://www.geogebra.org/search/Data+Handling+and+Presentation,
6,Mathematics,5,Prime Time,video; image; document/reading; quiz; worksheet; audio/read-aloud; interactive-math; worked-example-animation,https://diksha.gov.in/search?query=NCERT+Class+6+Mathematics+Prime+Time,https://www.youtube.com/results?search_query=Class+6+Mathematics+Prime+Time+explanation,https://ncert.nic.in/textbook.php,https://www.geogebra.org/search/Prime+Time,
6,Mathematics,6,Perimeter and Area,video; image; document/reading; quiz; worksheet; audio/read-aloud; interactive-math; worked-example-animation,https://diksha.gov.in/search?query=NCERT+Class+6+Mathematics+Perimeter+and+Area,https://www.youtube.com/results?search_query=Class+6+Mathematics+Perimeter+and+Area+explanation,https://ncert.nic.in/textbook.php,https://www.geogebra.org/search/Perimeter+and+Area,
6,Mathematics,7,Fractions,video; image; document/reading; quiz; worksheet; audio/read-aloud; interactive-math; worked-example-animation,https://diksha.gov.in/search?query=NCERT+Class+6+Mathematics+Fractions,https://www.youtube.com/results?search_query=Class+6+Mathematics+Fractions+explanation,https://ncert.nic.in/textbook.php,https://www.geogebra.org/search/Fractions,
6,Mathematics,8,Playing with Constructions,video; image; document/reading; quiz; worksheet; audio/read-aloud; interactive-math; worked-example-animation,https://diksha.gov.in/search?query=NCERT+Class+6+Mathematics+Playing+with+Constructions,https://www.youtube.com/results?search_query=Class+6+Mathematics+Playing+with+Constructions+explanation,https://ncert.nic.in/textbook.php,https://www.geogebra.org/search/Playing+with+Constructions,
6,Mathematics,9,Symmetry,video; image; document/reading; quiz; worksheet; audio/read-aloud; interactive-math; worked-example-animation,https://diksha.gov.in/search?query=NCERT+Class+6+Mathematics+Symmetry,https://www.youtube.com/results?search_query=Class+6+Mathematics+Symmetry+explanation,https://ncert.nic.in/textbook.php,https://www.geogebra.org/search/Symmetry,
6,Science,1,The Wonderful World of Science,video; image; document/reading; quiz; worksheet; audio/read-aloud; experiment/demonstration; diagram/process-animation; simulation,https://diksha.gov.in/search?query=NCERT+Class+6+Science+The+Wonderful+World+of+Science,https://www.youtube.com/results?search_query=Class+6+Science+The+Wonderful+World+of+Science+explanation,https://ncert.nic.in/textbook.php,,https://phet.colorado.edu/en/simulations/filter?subjects=The+Wonderful+World+of+Science
6,Science,10,Living Creatures: Exploring their Characteristics,video; image; document/reading; quiz; worksheet; audio/read-aloud; experiment/demonstration; diagram/process-animation; simulation,https://diksha.gov.in/search?query=NCERT+Class+6+Science+Living+Creatures%3A+Exploring+their+Characteristics,https://www.youtube.com/results?search_query=Class+6+Science+Living+Creatures%3A+Exploring+their+Characteristics+explanation,https://ncert.nic.in/textbook.php,,https://phet.colorado.edu/en/simulations/filter?subjects=Living+Creatures%3A+Exploring+their+Characteristics
6,Science,11,Nature’s Treasures,video; image; document/reading; quiz; worksheet; audio/read-aloud; experiment/demonstration; diagram/process-animation; simulation,https://diksha.gov.in/search?query=NCERT+Class+6+Science+Nature%E2%80%99s+Treasures,https://www.youtube.com/results?search_query=Class+6+Science+Nature%E2%80%99s+Treasures+explanation,https://ncert.nic.in/textbook.php,,https://phet.colorado.edu/en/simulations/filter?subjects=Nature%E2%80%99s+Treasures
6,Science,12,Beyond Earth,video; image; document/reading; quiz; worksheet; audio/read-aloud; experiment/demonstration; diagram/process-animation; simulation; map/atlas,https://diksha.gov.in/search?query=NCERT+Class+6+Science+Beyond+Earth,https://www.youtube.com/results?search_query=Class+6+Science+Beyond+Earth+explanation,https://ncert.nic.in/textbook.php,,https://phet.colorado.edu/en/simulations/filter?subjects=Beyond+Earth
6,Science,2,Diversity in the Living World,video; image; document/reading; quiz; worksheet; audio/read-aloud; experiment/demonstration; diagram/process-animation; simulation,https://diksha.gov.in/search?query=NCERT+Class+6+Science+Diversity+in+the+Living+World,https://www.youtube.com/results?search_query=Class+6+Science+Diversity+in+the+Living+World+explanation,https://ncert.nic.in/textbook.php,,https://phet.colorado.edu/en/simulations/filter?subjects=Diversity+in+the+Living+World
6,Science,3,Mindful Eating: A Path to a Healthy Body,video; image; document/reading; quiz; worksheet; audio/read-aloud; experiment/demonstration; diagram/process-animation; simulation,https://diksha.gov.in/search?query=NCERT+Class+6+Science+Mindful+Eating%3A+A+Path+to+a+Healthy+Body,https://www.youtube.com/results?search_query=Class+6+Science+Mindful+Eating%3A+A+Path+to+a+Healthy+Body+explanation,https://ncert.nic.in/textbook.php,,https://phet.colorado.edu/en/simulations/filter?subjects=Mindful+Eating%3A+A+Path+to+a+Healthy+Body
6,Science,4,Exploring Magnets,video; image; document/reading; quiz; worksheet; audio/read-aloud; experiment/demonstration; diagram/process-animation; simulation,https://diksha.gov.in/search?query=NCERT+Class+6+Science+Exploring+Magnets,https://www.youtube.com/results?search_query=Class+6+Science+Exploring+Magnets+explanation,https://ncert.nic.in/textbook.php,,https://phet.colorado.edu/en/simulations/filter?subjects=Exploring+Magnets
6,Science,5,Measurement of Length and Motion,video; image; document/reading; quiz; worksheet; audio/read-aloud; experiment/demonstration; diagram/process-animation; simulation,https://diksha.gov.in/search?query=NCERT+Class+6+Science+Measurement+of+Length+and+Motion,https://www.youtube.com/results?search_query=Class+6+Science+Measurement+of+Length+and+Motion+explanation,https://ncert.nic.in/textbook.php,,https://phet.colorado.edu/en/simulations/filter?subjects=Measurement+of+Length+and+Motion
6,Science,6,Materials Around Us,video; image; document/reading; quiz; worksheet; audio/read-aloud; experiment/demonstration; diagram/process-animation; simulation,https://diksha.gov.in/search?query=NCERT+Class+6+Science+Materials+Around+Us,https://www.youtube.com/results?search_query=Class+6+Science+Materials+Around+Us+explanation,https://ncert.nic.in/textbook.php,,https://phet.colorado.edu/en/simulations/filter?subjects=Materials+Around+Us
6,Science,7,Temperature and its Measurement,video; image; document/reading; quiz; worksheet; audio/read-aloud; experiment/demonstration; diagram/process-animation; simulation,https://diksha.gov.in/search?query=NCERT+Class+6+Science+Temperature+and+its+Measurement,https://www.youtube.com/results?search_query=Class+6+Science+Temperature+and+its+Measurement+explanation,https://ncert.nic.in/textbook.php,,https://phet.colorado.edu/en/simulations/filter?subjects=Temperature+and+its+Measurement
6,Science,8,A Journey through States of Water,video; image; document/reading; quiz; worksheet; audio/read-aloud; experiment/demonstration; diagram/process-animation; simulation,https://diksha.gov.in/search?query=NCERT+Class+6+Science+A+Journey+through+States+of+Water,https://www.youtube.com/results?search_query=Class+6+Science+A+Journey+through+States+of+Water+explanation,https://ncert.nic.in/textbook.php,,https://phet.colorado.edu/en/simulations/filter?subjects=A+Journey+through+States+of+Water
6,Science,9,Methods of Separation in Everyday Life,video; image; document/reading; quiz; worksheet; audio/read-aloud; experiment/demonstration; diagram/process-animation; simulation,https://diksha.gov.in/search?query=NCERT+Class+6+Science+Methods+of+Separation+in+Everyday+Life,https://www.youtube.com/results?search_query=Class+6+Science+Methods+of+Separation+in+Everyday+Life+explanation,https://ncert.nic.in/textbook.php,,https://phet.colorado.edu/en/simulations/filter?subjects=Methods+of+Separation+in+Everyday+Life
6,Social Science,1,Introduction – Why Social Science?,video; image; document/reading; quiz; worksheet; audio/read-aloud; map; timeline; historical/geographical-visual,https://diksha.gov.in/search?query=NCERT+Class+6+Social+Science+Introduction+%E2%80%93+Why+Social+Science%3F,https://www.youtube.com/results?search_query=Class+6+Social+Science+Introduction+%E2%80%93+Why+Social+Science%3F+explanation,https://ncert.nic.in/textbook.php,,
6,Social Science,10,Grassroots Democracy – Part 1,video; image; document/reading; quiz; worksheet; audio/read-aloud; map; timeline; historical/geographical-visual,https://diksha.gov.in/search?query=NCERT+Class+6+Social+Science+Grassroots+Democracy+%E2%80%93+Part+1,https://www.youtube.com/results?search_query=Class+6+Social+Science+Grassroots+Democracy+%E2%80%93+Part+1+explanation,https://ncert.nic.in/textbook.php,,
6,Social Science,11,Grassroots Democracy – Part 2,video; image; document/reading; quiz; worksheet; audio/read-aloud; map; timeline; historical/geographical-visual,https://diksha.gov.in/search?query=NCERT+Class+6+Social+Science+Grassroots+Democracy+%E2%80%93+Part+2,https://www.youtube.com/results?search_query=Class+6+Social+Science+Grassroots+Democracy+%E2%80%93+Part+2+explanation,https://ncert.nic.in/textbook.php,,
6,Social Science,12,Grassroots Democracy – Part 3,video; image; document/reading; quiz; worksheet; audio/read-aloud; map; timeline; historical/geographical-visual,https://diksha.gov.in/search?query=NCERT+Class+6+Social+Science+Grassroots+Democracy+%E2%80%93+Part+3,https://www.youtube.com/results?search_query=Class+6+Social+Science+Grassroots+Democracy+%E2%80%93+Part+3+explanation,https://ncert.nic.in/textbook.php,,
6,Social Science,13,The Value of Work,video; image; document/reading; quiz; worksheet; audio/read-aloud; map; timeline; historical/geographical-visual,https://diksha.gov.in/search?query=NCERT+Class+6+Social+Science+The+Value+of+Work,https://www.youtube.com/results?search_query=Class+6+Social+Science+The+Value+of+Work+explanation,https://ncert.nic.in/textbook.php,,
6,Social Science,14,Economic Activities Around Us,video; image; document/reading; quiz; worksheet; audio/read-aloud; map; timeline; historical/geographical-visual,https://diksha.gov.in/search?query=NCERT+Class+6+Social+Science+Economic+Activities+Around+Us,https://www.youtube.com/results?search_query=Class+6+Social+Science+Economic+Activities+Around+Us+explanation,https://ncert.nic.in/textbook.php,,
6,Social Science,2,Oceans and Continents,video; image; document/reading; quiz; worksheet; audio/read-aloud; map; timeline; historical/geographical-visual; map/atlas,https://diksha.gov.in/search?query=NCERT+Class+6+Social+Science+Oceans+and+Continents,https://www.youtube.com/results?search_query=Class+6+Social+Science+Oceans+and+Continents+explanation,https://ncert.nic.in/textbook.php,,
6,Social Science,3,Landforms and Life,video; image; document/reading; quiz; worksheet; audio/read-aloud; map; timeline; historical/geographical-visual; map/atlas,https://diksha.gov.in/search?query=NCERT+Class+6+Social+Science+Landforms+and+Life,https://www.youtube.com/results?search_query=Class+6+Social+Science+Landforms+and+Life+explanation,https://ncert.nic.in/textbook.php,,
6,Social Science,4,Timeline and Sources of History,video; image; document/reading; quiz; worksheet; audio/read-aloud; map; timeline; historical/geographical-visual,https://diksha.gov.in/search?query=NCERT+Class+6+Social+Science+Timeline+and+Sources+of+History,https://www.youtube.com/results?search_query=Class+6+Social+Science+Timeline+and+Sources+of+History+explanation,https://ncert.nic.in/textbook.php,,
6,Social Science,5,"India, That Is Bharat",video; image; document/reading; quiz; worksheet; audio/read-aloud; map; timeline; historical/geographical-visual; map/atlas,https://diksha.gov.in/search?query=NCERT+Class+6+Social+Science+India%2C+That+Is+Bharat,https://www.youtube.com/results?search_query=Class+6+Social+Science+India%2C+That+Is+Bharat+explanation,https://ncert.nic.in/textbook.php,,
6,Social Science,6,The Beginnings of Indian Civilisation,video; image; document/reading; quiz; worksheet; audio/read-aloud; map; timeline; historical/geographical-visual; map/atlas,https://diksha.gov.in/search?query=NCERT+Class+6+Social+Science+The+Beginnings+of+Indian+Civilisation,https://www.youtube.com/results?search_query=Class+6+Social+Science+The+Beginnings+of+Indian+Civilisation+explanation,https://ncert.nic.in/textbook.php,,
6,Social Science,7,India’s Cultural Roots,video; image; document/reading; quiz; worksheet; audio/read-aloud; map; timeline; historical/geographical-visual; map/atlas,https://diksha.gov.in/search?query=NCERT+Class+6+Social+Science+India%E2%80%99s+Cultural+Roots,https://www.youtube.com/results?search_query=Class+6+Social+Science+India%E2%80%99s+Cultural+Roots+explanation,https://ncert.nic.in/textbook.php,,
6,Social Science,8,"Unity in Diversity, or ‘Many in the One’",video; image; document/reading; quiz; worksheet; audio/read-aloud; map; timeline; historical/geographical-visual,https://diksha.gov.in/search?query=NCERT+Class+6+Social+Science+Unity+in+Diversity%2C+or+%E2%80%98Many+in+the+One%E2%80%99,https://www.youtube.com/results?search_query=Class+6+Social+Science+Unity+in+Diversity%2C+or+%E2%80%98Many+in+the+One%E2%80%99+explanation,https://ncert.nic.in/textbook.php,,
6,Social Science,9,Family and Community,video; image; document/reading; quiz; worksheet; audio/read-aloud; map; timeline; historical/geographical-visual,https://diksha.gov.in/search?query=NCERT+Class+6+Social+Science+Family+and+Community,https://www.youtube.com/results?search_query=Class+6+Social+Science+Family+and+Community+explanation,https://ncert.nic.in/textbook.php,,
7,English,101,Learning Together,video; image; document/reading; quiz; worksheet; audio/read-aloud; vocabulary-visual; pronunciation/audio,https://diksha.gov.in/search?query=NCERT+Class+7+English+Learning+Together,https://www.youtube.com/results?search_query=Class+7+English+Learning+Together+explanation,https://ncert.nic.in/textbook.php,,
7,English,102,Wit and Humour,video; image; document/reading; quiz; worksheet; audio/read-aloud; vocabulary-visual; pronunciation/audio,https://diksha.gov.in/search?query=NCERT+Class+7+English+Wit+and+Humour,https://www.youtube.com/results?search_query=Class+7+English+Wit+and+Humour+explanation,https://ncert.nic.in/textbook.php,,
7,English,103,Dreams and Discoveries,video; image; document/reading; quiz; worksheet; audio/read-aloud; vocabulary-visual; pronunciation/audio,https://diksha.gov.in/search?query=NCERT+Class+7+English+Dreams+and+Discoveries,https://www.youtube.com/results?search_query=Class+7+English+Dreams+and+Discoveries+explanation,https://ncert.nic.in/textbook.php,,
7,English,104,Travel and Adventure,video; image; document/reading; quiz; worksheet; audio/read-aloud; vocabulary-visual; pronunciation/audio,https://diksha.gov.in/search?query=NCERT+Class+7+English+Travel+and+Adventure,https://www.youtube.com/results?search_query=Class+7+English+Travel+and+Adventure+explanation,https://ncert.nic.in/textbook.php,,
7,English,105,Bravehearts,video; image; document/reading; quiz; worksheet; audio/read-aloud; vocabulary-visual; pronunciation/audio,https://diksha.gov.in/search?query=NCERT+Class+7+English+Bravehearts,https://www.youtube.com/results?search_query=Class+7+English+Bravehearts+explanation,https://ncert.nic.in/textbook.php,,
7,Hindi,101,"माँ, कह एक कहानी",video; image; document/reading; quiz; worksheet; audio/read-aloud; vocabulary-visual; pronunciation/audio,https://diksha.gov.in/search?query=NCERT+Class+7+Hindi+%E0%A4%AE%E0%A4%BE%E0%A4%81%2C+%E0%A4%95%E0%A4%B9+%E0%A4%8F%E0%A4%95+%E0%A4%95%E0%A4%B9%E0%A4%BE%E0%A4%A8%E0%A5%80,https://www.youtube.com/results?search_query=Class+7+Hindi+%E0%A4%AE%E0%A4%BE%E0%A4%81%2C+%E0%A4%95%E0%A4%B9+%E0%A4%8F%E0%A4%95+%E0%A4%95%E0%A4%B9%E0%A4%BE%E0%A4%A8%E0%A5%80+explanation,https://ncert.nic.in/textbook.php,,
7,Hindi,102,तीन बुद्धिमान,video; image; document/reading; quiz; worksheet; audio/read-aloud; vocabulary-visual; pronunciation/audio,https://diksha.gov.in/search?query=NCERT+Class+7+Hindi+%E0%A4%A4%E0%A5%80%E0%A4%A8+%E0%A4%AC%E0%A5%81%E0%A4%A6%E0%A5%8D%E0%A4%A7%E0%A4%BF%E0%A4%AE%E0%A4%BE%E0%A4%A8,https://www.youtube.com/results?search_query=Class+7+Hindi+%E0%A4%A4%E0%A5%80%E0%A4%A8+%E0%A4%AC%E0%A5%81%E0%A4%A6%E0%A5%8D%E0%A4%A7%E0%A4%BF%E0%A4%AE%E0%A4%BE%E0%A4%A8+explanation,https://ncert.nic.in/textbook.php,,
7,Hindi,103,फूल और काँटा,video; image; document/reading; quiz; worksheet; audio/read-aloud; vocabulary-visual; pronunciation/audio,https://diksha.gov.in/search?query=NCERT+Class+7+Hindi+%E0%A4%AB%E0%A5%82%E0%A4%B2+%E0%A4%94%E0%A4%B0+%E0%A4%95%E0%A4%BE%E0%A4%81%E0%A4%9F%E0%A4%BE,https://www.youtube.com/results?search_query=Class+7+Hindi+%E0%A4%AB%E0%A5%82%E0%A4%B2+%E0%A4%94%E0%A4%B0+%E0%A4%95%E0%A4%BE%E0%A4%81%E0%A4%9F%E0%A4%BE+explanation,https://ncert.nic.in/textbook.php,,
7,Hindi,104,पानी रे पानी,video; image; document/reading; quiz; worksheet; audio/read-aloud; vocabulary-visual; pronunciation/audio,https://diksha.gov.in/search?query=NCERT+Class+7+Hindi+%E0%A4%AA%E0%A4%BE%E0%A4%A8%E0%A5%80+%E0%A4%B0%E0%A5%87+%E0%A4%AA%E0%A4%BE%E0%A4%A8%E0%A5%80,https://www.youtube.com/results?search_query=Class+7+Hindi+%E0%A4%AA%E0%A4%BE%E0%A4%A8%E0%A5%80+%E0%A4%B0%E0%A5%87+%E0%A4%AA%E0%A4%BE%E0%A4%A8%E0%A5%80+explanation,https://ncert.nic.in/textbook.php,,
7,Hindi,105,नहीं होना बीमार,video; image; document/reading; quiz; worksheet; audio/read-aloud; vocabulary-visual; pronunciation/audio,https://diksha.gov.in/search?query=NCERT+Class+7+Hindi+%E0%A4%A8%E0%A4%B9%E0%A5%80%E0%A4%82+%E0%A4%B9%E0%A5%8B%E0%A4%A8%E0%A4%BE+%E0%A4%AC%E0%A5%80%E0%A4%AE%E0%A4%BE%E0%A4%B0,https://www.youtube.com/results?search_query=Class+7+Hindi+%E0%A4%A8%E0%A4%B9%E0%A5%80%E0%A4%82+%E0%A4%B9%E0%A5%8B%E0%A4%A8%E0%A4%BE+%E0%A4%AC%E0%A5%80%E0%A4%AE%E0%A4%BE%E0%A4%B0+explanation,https://ncert.nic.in/textbook.php,,
7,Hindi,106,गिरधर कविराय की कुंडलियाँ,video; image; document/reading; quiz; worksheet; audio/read-aloud; vocabulary-visual; pronunciation/audio,https://diksha.gov.in/search?query=NCERT+Class+7+Hindi+%E0%A4%97%E0%A4%BF%E0%A4%B0%E0%A4%A7%E0%A4%B0+%E0%A4%95%E0%A4%B5%E0%A4%BF%E0%A4%B0%E0%A4%BE%E0%A4%AF+%E0%A4%95%E0%A5%80+%E0%A4%95%E0%A5%81%E0%A4%82%E0%A4%A1%E0%A4%B2%E0%A4%BF%E0%A4%AF%E0%A4%BE%E0%A4%81,https://www.youtube.com/results?search_query=Class+7+Hindi+%E0%A4%97%E0%A4%BF%E0%A4%B0%E0%A4%A7%E0%A4%B0+%E0%A4%95%E0%A4%B5%E0%A4%BF%E0%A4%B0%E0%A4%BE%E0%A4%AF+%E0%A4%95%E0%A5%80+%E0%A4%95%E0%A5%81%E0%A4%82%E0%A4%A1%E0%A4%B2%E0%A4%BF%E0%A4%AF%E0%A4%BE%E0%A4%81+explanation,https://ncert.nic.in/textbook.php,,
7,Hindi,107,वर्षा-बहार,video; image; document/reading; quiz; worksheet; audio/read-aloud; vocabulary-visual; pronunciation/audio,https://diksha.gov.in/search?query=NCERT+Class+7+Hindi+%E0%A4%B5%E0%A4%B0%E0%A5%8D%E0%A4%B7%E0%A4%BE-%E0%A4%AC%E0%A4%B9%E0%A4%BE%E0%A4%B0,https://www.youtube.com/results?search_query=Class+7+Hindi+%E0%A4%B5%E0%A4%B0%E0%A5%8D%E0%A4%B7%E0%A4%BE-%E0%A4%AC%E0%A4%B9%E0%A4%BE%E0%A4%B0+explanation,https://ncert.nic.in/textbook.php,,
7,Hindi,108,बिरजू महाराज से साक्षात्कार,video; image; document/reading; quiz; worksheet; audio/read-aloud; vocabulary-visual; pronunciation/audio,https://diksha.gov.in/search?query=NCERT+Class+7+Hindi+%E0%A4%AC%E0%A4%BF%E0%A4%B0%E0%A4%9C%E0%A5%82+%E0%A4%AE%E0%A4%B9%E0%A4%BE%E0%A4%B0%E0%A4%BE%E0%A4%9C+%E0%A4%B8%E0%A5%87+%E0%A4%B8%E0%A4%BE%E0%A4%95%E0%A5%8D%E0%A4%B7%E0%A4%BE%E0%A4%A4%E0%A5%8D%E0%A4%95%E0%A4%BE%E0%A4%B0,https://www.youtube.com/results?search_query=Class+7+Hindi+%E0%A4%AC%E0%A4%BF%E0%A4%B0%E0%A4%9C%E0%A5%82+%E0%A4%AE%E0%A4%B9%E0%A4%BE%E0%A4%B0%E0%A4%BE%E0%A4%9C+%E0%A4%B8%E0%A5%87+%E0%A4%B8%E0%A4%BE%E0%A4%95%E0%A5%8D%E0%A4%B7%E0%A4%BE%E0%A4%A4%E0%A5%8D%E0%A4%95%E0%A4%BE%E0%A4%B0+explanation,https://ncert.nic.in/textbook.php,,
7,Hindi,109,चिड़िया,video; image; document/reading; quiz; worksheet; audio/read-aloud; vocabulary-visual; pronunciation/audio,https://diksha.gov.in/search?query=NCERT+Class+7+Hindi+%E0%A4%9A%E0%A4%BF%E0%A4%A1%E0%A4%BC%E0%A4%BF%E0%A4%AF%E0%A4%BE,https://www.youtube.com/results?search_query=Class+7+Hindi+%E0%A4%9A%E0%A4%BF%E0%A4%A1%E0%A4%BC%E0%A4%BF%E0%A4%AF%E0%A4%BE+explanation,https://ncert.nic.in/textbook.php,,
7,Hindi,110,मीरा के पद,video; image; document/reading; quiz; worksheet; audio/read-aloud; vocabulary-visual; pronunciation/audio,https://diksha.gov.in/search?query=NCERT+Class+7+Hindi+%E0%A4%AE%E0%A5%80%E0%A4%B0%E0%A4%BE+%E0%A4%95%E0%A5%87+%E0%A4%AA%E0%A4%A6,https://www.youtube.com/results?search_query=Class+7+Hindi+%E0%A4%AE%E0%A5%80%E0%A4%B0%E0%A4%BE+%E0%A4%95%E0%A5%87+%E0%A4%AA%E0%A4%A6+explanation,https://ncert.nic.in/textbook.php,,
7,Mathematics,101,Large Numbers Around Us,video; image; document/reading; quiz; worksheet; audio/read-aloud; interactive-math; worked-example-animation,https://diksha.gov.in/search?query=NCERT+Class+7+Mathematics+Large+Numbers+Around+Us,https://www.youtube.com/results?search_query=Class+7+Mathematics+Large+Numbers+Around+Us+explanation,https://ncert.nic.in/textbook.php,https://www.geogebra.org/search/Large+Numbers+Around+Us,
7,Mathematics,102,Arithmetic Expressions,video; image; document/reading; quiz; worksheet; audio/read-aloud; interactive-math; worked-example-animation,https://diksha.gov.in/search?query=NCERT+Class+7+Mathematics+Arithmetic+Expressions,https://www.youtube.com/results?search_query=Class+7+Mathematics+Arithmetic+Expressions+explanation,https://ncert.nic.in/textbook.php,https://www.geogebra.org/search/Arithmetic+Expressions,
7,Mathematics,103,A Peek Beyond the Point,video; image; document/reading; quiz; worksheet; audio/read-aloud; interactive-math; worked-example-animation,https://diksha.gov.in/search?query=NCERT+Class+7+Mathematics+A+Peek+Beyond+the+Point,https://www.youtube.com/results?search_query=Class+7+Mathematics+A+Peek+Beyond+the+Point+explanation,https://ncert.nic.in/textbook.php,https://www.geogebra.org/search/A+Peek+Beyond+the+Point,
7,Mathematics,104,Expressions Using Letter-Numbers,video; image; document/reading; quiz; worksheet; audio/read-aloud; interactive-math; worked-example-animation,https://diksha.gov.in/search?query=NCERT+Class+7+Mathematics+Expressions+Using+Letter-Numbers,https://www.youtube.com/results?search_query=Class+7+Mathematics+Expressions+Using+Letter-Numbers+explanation,https://ncert.nic.in/textbook.php,https://www.geogebra.org/search/Expressions+Using+Letter-Numbers,
7,Mathematics,105,Parallel and Intersecting Lines,video; image; document/reading; quiz; worksheet; audio/read-aloud; interactive-math; worked-example-animation,https://diksha.gov.in/search?query=NCERT+Class+7+Mathematics+Parallel+and+Intersecting+Lines,https://www.youtube.com/results?search_query=Class+7+Mathematics+Parallel+and+Intersecting+Lines+explanation,https://ncert.nic.in/textbook.php,https://www.geogebra.org/search/Parallel+and+Intersecting+Lines,
7,Mathematics,106,Number Play,video; image; document/reading; quiz; worksheet; audio/read-aloud; interactive-math; worked-example-animation,https://diksha.gov.in/search?query=NCERT+Class+7+Mathematics+Number+Play,https://www.youtube.com/results?search_query=Class+7+Mathematics+Number+Play+explanation,https://ncert.nic.in/textbook.php,https://www.geogebra.org/search/Number+Play,
7,Mathematics,107,A Tale of Three Intersecting Lines,video; image; document/reading; quiz; worksheet; audio/read-aloud; interactive-math; worked-example-animation,https://diksha.gov.in/search?query=NCERT+Class+7+Mathematics+A+Tale+of+Three+Intersecting+Lines,https://www.youtube.com/results?search_query=Class+7+Mathematics+A+Tale+of+Three+Intersecting+Lines+explanation,https://ncert.nic.in/textbook.php,https://www.geogebra.org/search/A+Tale+of+Three+Intersecting+Lines,
7,Mathematics,108,Working with Fractions,video; image; document/reading; quiz; worksheet; audio/read-aloud; interactive-math; worked-example-animation,https://diksha.gov.in/search?query=NCERT+Class+7+Mathematics+Working+with+Fractions,https://www.youtube.com/results?search_query=Class+7+Mathematics+Working+with+Fractions+explanation,https://ncert.nic.in/textbook.php,https://www.geogebra.org/search/Working+with+Fractions,
7,Mathematics,201,Geometric Twins,video; image; document/reading; quiz; worksheet; audio/read-aloud; interactive-math; worked-example-animation,https://diksha.gov.in/search?query=NCERT+Class+7+Mathematics+Geometric+Twins,https://www.youtube.com/results?search_query=Class+7+Mathematics+Geometric+Twins+explanation,https://ncert.nic.in/textbook.php,https://www.geogebra.org/search/Geometric+Twins,
7,Mathematics,202,Operations with Integers,video; image; document/reading; quiz; worksheet; audio/read-aloud; interactive-math; worked-example-animation,https://diksha.gov.in/search?query=NCERT+Class+7+Mathematics+Operations+with+Integers,https://www.youtube.com/results?search_query=Class+7+Mathematics+Operations+with+Integers+explanation,https://ncert.nic.in/textbook.php,https://www.geogebra.org/search/Operations+with+Integers,
7,Mathematics,203,Finding Common Ground,video; image; document/reading; quiz; worksheet; audio/read-aloud; interactive-math; worked-example-animation,https://diksha.gov.in/search?query=NCERT+Class+7+Mathematics+Finding+Common+Ground,https://www.youtube.com/results?search_query=Class+7+Mathematics+Finding+Common+Ground+explanation,https://ncert.nic.in/textbook.php,https://www.geogebra.org/search/Finding+Common+Ground,
7,Mathematics,204,Another Peek Beyond the Point,video; image; document/reading; quiz; worksheet; audio/read-aloud; interactive-math; worked-example-animation,https://diksha.gov.in/search?query=NCERT+Class+7+Mathematics+Another+Peek+Beyond+the+Point,https://www.youtube.com/results?search_query=Class+7+Mathematics+Another+Peek+Beyond+the+Point+explanation,https://ncert.nic.in/textbook.php,https://www.geogebra.org/search/Another+Peek+Beyond+the+Point,
7,Mathematics,205,Connecting the Dots…,video; image; document/reading; quiz; worksheet; audio/read-aloud; interactive-math; worked-example-animation,https://diksha.gov.in/search?query=NCERT+Class+7+Mathematics+Connecting+the+Dots%E2%80%A6,https://www.youtube.com/results?search_query=Class+7+Mathematics+Connecting+the+Dots%E2%80%A6+explanation,https://ncert.nic.in/textbook.php,https://www.geogebra.org/search/Connecting+the+Dots%E2%80%A6,
7,Mathematics,206,Constructions and Tilings,video; image; document/reading; quiz; worksheet; audio/read-aloud; interactive-math; worked-example-animation,https://diksha.gov.in/search?query=NCERT+Class+7+Mathematics+Constructions+and+Tilings,https://www.youtube.com/results?search_query=Class+7+Mathematics+Constructions+and+Tilings+explanation,https://ncert.nic.in/textbook.php,https://www.geogebra.org/search/Constructions+and+Tilings,
7,Mathematics,207,Finding the Unknown,video; image; document/reading; quiz; worksheet; audio/read-aloud; interactive-math; worked-example-animation,https://diksha.gov.in/search?query=NCERT+Class+7+Mathematics+Finding+the+Unknown,https://www.youtube.com/results?search_query=Class+7+Mathematics+Finding+the+Unknown+explanation,https://ncert.nic.in/textbook.php,https://www.geogebra.org/search/Finding+the+Unknown,
7,Science,101,The Ever-Evolving World of Science,video; image; document/reading; quiz; worksheet; audio/read-aloud; experiment/demonstration; diagram/process-animation; simulation,https://diksha.gov.in/search?query=NCERT+Class+7+Science+The+Ever-Evolving+World+of+Science,https://www.youtube.com/results?search_query=Class+7+Science+The+Ever-Evolving+World+of+Science+explanation,https://ncert.nic.in/textbook.php,,https://phet.colorado.edu/en/simulations/filter?subjects=The+Ever-Evolving+World+of+Science
7,Science,102,"Exploring Substances: Acidic, Basic, and Neutral",video; image; document/reading; quiz; worksheet; audio/read-aloud; experiment/demonstration; diagram/process-animation; simulation,https://diksha.gov.in/search?query=NCERT+Class+7+Science+Exploring+Substances%3A+Acidic%2C+Basic%2C+and+Neutral,https://www.youtube.com/results?search_query=Class+7+Science+Exploring+Substances%3A+Acidic%2C+Basic%2C+and+Neutral+explanation,https://ncert.nic.in/textbook.php,,https://phet.colorado.edu/en/simulations/filter?subjects=Exploring+Substances%3A+Acidic%2C+Basic%2C+and+Neutral
7,Science,103,Electricity: Circuits and their Components,video; image; document/reading; quiz; worksheet; audio/read-aloud; experiment/demonstration; diagram/process-animation; simulation,https://diksha.gov.in/search?query=NCERT+Class+7+Science+Electricity%3A+Circuits+and+their+Components,https://www.youtube.com/results?search_query=Class+7+Science+Electricity%3A+Circuits+and+their+Components+explanation,https://ncert.nic.in/textbook.php,,https://phet.colorado.edu/en/simulations/filter?subjects=Electricity%3A+Circuits+and+their+Components
7,Science,104,The World of Metals and Non-metals,video; image; document/reading; quiz; worksheet; audio/read-aloud; experiment/demonstration; diagram/process-animation; simulation,https://diksha.gov.in/search?query=NCERT+Class+7+Science+The+World+of+Metals+and+Non-metals,https://www.youtube.com/results?search_query=Class+7+Science+The+World+of+Metals+and+Non-metals+explanation,https://ncert.nic.in/textbook.php,,https://phet.colorado.edu/en/simulations/filter?subjects=The+World+of+Metals+and+Non-metals
7,Science,105,Changes Around Us: Physical and Chemical,video; image; document/reading; quiz; worksheet; audio/read-aloud; experiment/demonstration; diagram/process-animation; simulation,https://diksha.gov.in/search?query=NCERT+Class+7+Science+Changes+Around+Us%3A+Physical+and+Chemical,https://www.youtube.com/results?search_query=Class+7+Science+Changes+Around+Us%3A+Physical+and+Chemical+explanation,https://ncert.nic.in/textbook.php,,https://phet.colorado.edu/en/simulations/filter?subjects=Changes+Around+Us%3A+Physical+and+Chemical
7,Science,106,Adolescence: A Stage of Growth and Change,video; image; document/reading; quiz; worksheet; audio/read-aloud; experiment/demonstration; diagram/process-animation; simulation,https://diksha.gov.in/search?query=NCERT+Class+7+Science+Adolescence%3A+A+Stage+of+Growth+and+Change,https://www.youtube.com/results?search_query=Class+7+Science+Adolescence%3A+A+Stage+of+Growth+and+Change+explanation,https://ncert.nic.in/textbook.php,,https://phet.colorado.edu/en/simulations/filter?subjects=Adolescence%3A+A+Stage+of+Growth+and+Change
7,Science,107,Heat Transfer in Nature,video; image; document/reading; quiz; worksheet; audio/read-aloud; experiment/demonstration; diagram/process-animation; simulation,https://diksha.gov.in/search?query=NCERT+Class+7+Science+Heat+Transfer+in+Nature,https://www.youtube.com/results?search_query=Class+7+Science+Heat+Transfer+in+Nature+explanation,https://ncert.nic.in/textbook.php,,https://phet.colorado.edu/en/simulations/filter?subjects=Heat+Transfer+in+Nature
7,Science,108,Measurement of Time and Motion,video; image; document/reading; quiz; worksheet; audio/read-aloud; experiment/demonstration; diagram/process-animation; simulation,https://diksha.gov.in/search?query=NCERT+Class+7+Science+Measurement+of+Time+and+Motion,https://www.youtube.com/results?search_query=Class+7+Science+Measurement+of+Time+and+Motion+explanation,https://ncert.nic.in/textbook.php,,https://phet.colorado.edu/en/simulations/filter?subjects=Measurement+of+Time+and+Motion
7,Science,109,Life Processes in Animals,video; image; document/reading; quiz; worksheet; audio/read-aloud; experiment/demonstration; diagram/process-animation; simulation,https://diksha.gov.in/search?query=NCERT+Class+7+Science+Life+Processes+in+Animals,https://www.youtube.com/results?search_query=Class+7+Science+Life+Processes+in+Animals+explanation,https://ncert.nic.in/textbook.php,,https://phet.colorado.edu/en/simulations/filter?subjects=Life+Processes+in+Animals
7,Science,110,Life Processes in Plants,video; image; document/reading; quiz; worksheet; audio/read-aloud; experiment/demonstration; diagram/process-animation; simulation,https://diksha.gov.in/search?query=NCERT+Class+7+Science+Life+Processes+in+Plants,https://www.youtube.com/results?search_query=Class+7+Science+Life+Processes+in+Plants+explanation,https://ncert.nic.in/textbook.php,,https://phet.colorado.edu/en/simulations/filter?subjects=Life+Processes+in+Plants
7,Science,111,Light: Shadows and Reflections,video; image; document/reading; quiz; worksheet; audio/read-aloud; experiment/demonstration; diagram/process-animation; simulation,https://diksha.gov.in/search?query=NCERT+Class+7+Science+Light%3A+Shadows+and+Reflections,https://www.youtube.com/results?search_query=Class+7+Science+Light%3A+Shadows+and+Reflections+explanation,https://ncert.nic.in/textbook.php,,https://phet.colorado.edu/en/simulations/filter?subjects=Light%3A+Shadows+and+Reflections
7,Science,112,"Earth, Moon, and the Sun",video; image; document/reading; quiz; worksheet; audio/read-aloud; experiment/demonstration; diagram/process-animation; simulation; map/atlas,https://diksha.gov.in/search?query=NCERT+Class+7+Science+Earth%2C+Moon%2C+and+the+Sun,https://www.youtube.com/results?search_query=Class+7+Science+Earth%2C+Moon%2C+and+the+Sun+explanation,https://ncert.nic.in/textbook.php,,https://phet.colorado.edu/en/simulations/filter?subjects=Earth%2C+Moon%2C+and+the+Sun
7,Social Science,101,Geographical Diversity of India,video; image; document/reading; quiz; worksheet; audio/read-aloud; map; timeline; historical/geographical-visual; map/atlas,https://diksha.gov.in/search?query=NCERT+Class+7+Social+Science+Geographical+Diversity+of+India,https://www.youtube.com/results?search_query=Class+7+Social+Science+Geographical+Diversity+of+India+explanation,https://ncert.nic.in/textbook.php,,
7,Social Science,102,Understanding the Weather,video; image; document/reading; quiz; worksheet; audio/read-aloud; map; timeline; historical/geographical-visual,https://diksha.gov.in/search?query=NCERT+Class+7+Social+Science+Understanding+the+Weather,https://www.youtube.com/results?search_query=Class+7+Social+Science+Understanding+the+Weather+explanation,https://ncert.nic.in/textbook.php,,
7,Social Science,103,Climates of India,video; image; document/reading; quiz; worksheet; audio/read-aloud; map; timeline; historical/geographical-visual; map/atlas,https://diksha.gov.in/search?query=NCERT+Class+7+Social+Science+Climates+of+India,https://www.youtube.com/results?search_query=Class+7+Social+Science+Climates+of+India+explanation,https://ncert.nic.in/textbook.php,,
7,Social Science,104,New Beginnings: Cities and States,video; image; document/reading; quiz; worksheet; audio/read-aloud; map; timeline; historical/geographical-visual,https://diksha.gov.in/search?query=NCERT+Class+7+Social+Science+New+Beginnings%3A+Cities+and+States,https://www.youtube.com/results?search_query=Class+7+Social+Science+New+Beginnings%3A+Cities+and+States+explanation,https://ncert.nic.in/textbook.php,,
7,Social Science,105,The Rise of Empires,video; image; document/reading; quiz; worksheet; audio/read-aloud; map; timeline; historical/geographical-visual,https://diksha.gov.in/search?query=NCERT+Class+7+Social+Science+The+Rise+of+Empires,https://www.youtube.com/results?search_query=Class+7+Social+Science+The+Rise+of+Empires+explanation,https://ncert.nic.in/textbook.php,,
7,Social Science,106,The Age of Reorganisation,video; image; document/reading; quiz; worksheet; audio/read-aloud; map; timeline; historical/geographical-visual,https://diksha.gov.in/search?query=NCERT+Class+7+Social+Science+The+Age+of+Reorganisation,https://www.youtube.com/results?search_query=Class+7+Social+Science+The+Age+of+Reorganisation+explanation,https://ncert.nic.in/textbook.php,,
7,Social Science,107,The Gupta Era: An Age of Tireless Creativity,video; image; document/reading; quiz; worksheet; audio/read-aloud; map; timeline; historical/geographical-visual,https://diksha.gov.in/search?query=NCERT+Class+7+Social+Science+The+Gupta+Era%3A+An+Age+of+Tireless+Creativity,https://www.youtube.com/results?search_query=Class+7+Social+Science+The+Gupta+Era%3A+An+Age+of+Tireless+Creativity+explanation,https://ncert.nic.in/textbook.php,,
7,Social Science,108,How the Land Becomes Sacred,video; image; document/reading; quiz; worksheet; audio/read-aloud; map; timeline; historical/geographical-visual,https://diksha.gov.in/search?query=NCERT+Class+7+Social+Science+How+the+Land+Becomes+Sacred,https://www.youtube.com/results?search_query=Class+7+Social+Science+How+the+Land+Becomes+Sacred+explanation,https://ncert.nic.in/textbook.php,,
7,Social Science,109,From the Rulers to the Ruled: Types of Governments,video; image; document/reading; quiz; worksheet; audio/read-aloud; map; timeline; historical/geographical-visual,https://diksha.gov.in/search?query=NCERT+Class+7+Social+Science+From+the+Rulers+to+the+Ruled%3A+Types+of+Governments,https://www.youtube.com/results?search_query=Class+7+Social+Science+From+the+Rulers+to+the+Ruled%3A+Types+of+Governments+explanation,https://ncert.nic.in/textbook.php,,
7,Social Science,110,The Constitution of India — An Introduction,video; image; document/reading; quiz; worksheet; audio/read-aloud; map; timeline; historical/geographical-visual; map/atlas,https://diksha.gov.in/search?query=NCERT+Class+7+Social+Science+The+Constitution+of+India+%E2%80%94+An+Introduction,https://www.youtube.com/results?search_query=Class+7+Social+Science+The+Constitution+of+India+%E2%80%94+An+Introduction+explanation,https://ncert.nic.in/textbook.php,,
7,Social Science,111,From Barter to Money,video; image; document/reading; quiz; worksheet; audio/read-aloud; map; timeline; historical/geographical-visual,https://diksha.gov.in/search?query=NCERT+Class+7+Social+Science+From+Barter+to+Money,https://www.youtube.com/results?search_query=Class+7+Social+Science+From+Barter+to+Money+explanation,https://ncert.nic.in/textbook.php,,
7,Social Science,112,Understanding Markets,video; image; document/reading; quiz; worksheet; audio/read-aloud; map; timeline; historical/geographical-visual,https://diksha.gov.in/search?query=NCERT+Class+7+Social+Science+Understanding+Markets,https://www.youtube.com/results?search_query=Class+7+Social+Science+Understanding+Markets+explanation,https://ncert.nic.in/textbook.php,,
7,Social Science,201,The Story of Indian Farming,video; image; document/reading; quiz; worksheet; audio/read-aloud; map; timeline; historical/geographical-visual; map/atlas,https://diksha.gov.in/search?query=NCERT+Class+7+Social+Science+The+Story+of+Indian+Farming,https://www.youtube.com/results?search_query=Class+7+Social+Science+The+Story+of+Indian+Farming+explanation,https://ncert.nic.in/textbook.php,,
7,Social Science,202,India and Her Neighbours,video; image; document/reading; quiz; worksheet; audio/read-aloud; map; timeline; historical/geographical-visual; map/atlas,https://diksha.gov.in/search?query=NCERT+Class+7+Social+Science+India+and+Her+Neighbours,https://www.youtube.com/results?search_query=Class+7+Social+Science+India+and+Her+Neighbours+explanation,https://ncert.nic.in/textbook.php,,
7,Social Science,203,Empires and Kingdoms: 6th to 10th Centuries,video; image; document/reading; quiz; worksheet; audio/read-aloud; map; timeline; historical/geographical-visual,https://diksha.gov.in/search?query=NCERT+Class+7+Social+Science+Empires+and+Kingdoms%3A+6th+to+10th+Centuries,https://www.youtube.com/results?search_query=Class+7+Social+Science+Empires+and+Kingdoms%3A+6th+to+10th+Centuries+explanation,https://ncert.nic.in/textbook.php,,
7,Social Science,204,Turning Tides: 11th and 12th Centuries,video; image; document/reading; quiz; worksheet; audio/read-aloud; map; timeline; historical/geographical-visual,https://diksha.gov.in/search?query=NCERT+Class+7+Social+Science+Turning+Tides%3A+11th+and+12th+Centuries,https://www.youtube.com/results?search_query=Class+7+Social+Science+Turning+Tides%3A+11th+and+12th+Centuries+explanation,https://ncert.nic.in/textbook.php,,
7,Social Science,205,"India, a Home to Many",video; image; document/reading; quiz; worksheet; audio/read-aloud; map; timeline; historical/geographical-visual; map/atlas,https://diksha.gov.in/search?query=NCERT+Class+7+Social+Science+India%2C+a+Home+to+Many,https://www.youtube.com/results?search_query=Class+7+Social+Science+India%2C+a+Home+to+Many+explanation,https://ncert.nic.in/textbook.php,,
7,Social Science,206,"The State, the Government, and You",video; image; document/reading; quiz; worksheet; audio/read-aloud; map; timeline; historical/geographical-visual,https://diksha.gov.in/search?query=NCERT+Class+7+Social+Science+The+State%2C+the+Government%2C+and+You,https://www.youtube.com/results?search_query=Class+7+Social+Science+The+State%2C+the+Government%2C+and+You+explanation,https://ncert.nic.in/textbook.php,,
7,Social Science,207,Infrastructure: Engine of India’s Development,video; image; document/reading; quiz; worksheet; audio/read-aloud; map; timeline; historical/geographical-visual; map/atlas,https://diksha.gov.in/search?query=NCERT+Class+7+Social+Science+Infrastructure%3A+Engine+of+India%E2%80%99s+Development,https://www.youtube.com/results?search_query=Class+7+Social+Science+Infrastructure%3A+Engine+of+India%E2%80%99s+Development+explanation,https://ncert.nic.in/textbook.php,,
7,Social Science,208,Banks and the Magic of Finance,video; image; document/reading; quiz; worksheet; audio/read-aloud; map; timeline; historical/geographical-visual,https://diksha.gov.in/search?query=NCERT+Class+7+Social+Science+Banks+and+the+Magic+of+Finance,https://www.youtube.com/results?search_query=Class+7+Social+Science+Banks+and+the+Magic+of+Finance+explanation,https://ncert.nic.in/textbook.php,,
